{
	"offset" : [ 0, 0, 0, 0 ],
	"fps" : "25 FPS",
	"msoffset" : 0.0,
	"midioutport" : "from Max 1",
	"themeColors" : 	{
		"lcd_title" : [ 0.811765, 0.811765, 0.811765, 1.0 ],
		"assignment_text_bg" : [ 0.737255, 0.737255, 0.737255, 1.0 ],
		"surface_bg" : [ 0.647059, 0.647059, 0.647059, 1.0 ],
		"control_text_bg" : [ 0.87451, 0.87451, 0.87451, 1.0 ],
		"lcd_bg" : [ 0.141176, 0.141176, 0.141176, 1.0 ],
		"lcd_frame" : [ 0.356863, 0.356863, 0.356863, 1.0 ],
		"control_fg" : [ 0.070588, 0.070588, 0.070588, 1.0 ],
		"focus_frame" : [ 0.309804, 0.309804, 0.309804, 1.0 ],
		"lcd_control_fg_zombie" : [ 0.647059, 0.647059, 0.647059, 1.0 ],
		"lcd_control_fg" : [ 1.0, 0.72549, 0.003922, 1.0 ],
		"control_bg" : [ 0.811765, 0.811765, 0.811765, 1.0 ],
		"control_selection" : [ 1.0, 0.72549, 0.003922, 1.0 ],
		"control_text_selection" : [ 0.070588, 0.070588, 0.070588, 1.0 ],
		"key_assignment" : [ 1.0, 0.392157, 0.0, 1.0 ]
	}

}
