{
	"offset" : [ 0, 0, 0, 0 ],
	"fps" : "25 FPS",
	"msoffset" : 0.0,
	"midioutport" : "from Max 1",
	"themeColors" : 	{
		"lcd_title" : [ 0.823529, 0.823529, 0.823529, 1.0 ],
		"assignment_text_bg" : [ 0.74902, 0.74902, 0.74902, 1.0 ],
		"surface_bg" : [ 0.658824, 0.658824, 0.658824, 1.0 ],
		"control_text_bg" : [ 0.882353, 0.882353, 0.882353, 1.0 ],
		"lcd_bg" : [ 0.141176, 0.141176, 0.141176, 1.0 ],
		"lcd_frame" : [ 0.364706, 0.364706, 0.364706, 1.0 ],
		"control_fg" : [ 0.070588, 0.070588, 0.070588, 1.0 ],
		"focus_frame" : [ 0.313726, 0.313726, 0.313726, 1.0 ],
		"lcd_control_fg_zombie" : [ 0.658824, 0.658824, 0.658824, 1.0 ],
		"lcd_control_fg" : [ 1.0, 0.72549, 0.007843, 1.0 ],
		"control_bg" : [ 0.823529, 0.823529, 0.823529, 1.0 ],
		"control_selection" : [ 1.0, 0.72549, 0.007843, 1.0 ],
		"control_text_selection" : [ 0.070588, 0.070588, 0.070588, 1.0 ],
		"key_assignment" : [ 1.0, 0.396078, 0.003922, 1.0 ]
	}

}
